Timestamp (s),Track_ID,Vehicle_Class,Lane
0.72,1,Car,Lane 2
1.8,37,LCV,Lane 1
5.74,123,LCV,Lane 1
8.22,103,Car,Lane 1
10.18,166,Car,Lane 2
10.68,210,Car,Lane 1
16.62,378,Car,Lane 1
17.38,418,Car,Lane 2
18.22,526,Two-Wheeler,Lane 2
18.58,356,LCV,Lane 1
18.6,530,Two-Wheeler,Lane 2
19.76,491,Two-Wheeler,Lane 2
30.78,596,Car,Lane 1
33.1,607,Car,Lane 2
37.92,620,Truck/Bus,Lane 2
39.22,809,Car,Lane 2
40.12,842,Car,Lane 1
42.38,878,Car,Lane 1
43.36,983,Car,Lane 1
44.3,923,Car,Lane 2
44.72,971,LCV,Lane 1
44.88,1099,LCV,Lane 2
49.74,1137,Car,Lane 2
51.32,1186,Car,Lane 1
55.4,1210,LCV,Lane 1
60.82,1267,Car,Lane 2
62.2,1377,Car,Lane 1
64.1,1316,Car,Lane 2
65.14,1439,Two-Wheeler,Lane 2
65.76,1436,Car,Lane 1
80.12,1627,Two-Wheeler,Lane 2
86.52,1765,Car,Lane 2
88.52,1805,Car,Lane 2
89.14,1822,Truck/Bus,Lane 1
95.12,1826,Car,Lane 2
98.36,2014,Two-Wheeler,Lane 2
98.62,2022,Two-Wheeler,Lane 2
98.72,2023,Two-Wheeler,Lane 2
99.3,1987,LCV,Lane 1
100.78,1947,Car,Lane 1
105.02,2122,Car,Lane 1
105.14,2223,Two-Wheeler,Lane 2
111.76,2328,LCV,Lane 1
114.58,2419,Two-Wheeler,Lane 2
119.88,2504,Car,Lane 1
124.34,2672,LCV,Lane 1
125.6,2628,Car,Lane 1
126.12,2843,Two-Wheeler,Lane 2
132.84,2988,Truck/Bus,Lane 1
134.88,3261,Car,Lane 2
135.96,3274,Car,Lane 1
136.74,3321,Car,Lane 1
139.54,3423,Car,Lane 2
139.66,3391,Car,Lane 1
145.3,3436,Car,Lane 1
148.34,3521,LCV,Lane 1
149.4,3522,Car,Lane 1
149.76,3678,Two-Wheeler,Lane 2
149.96,3637,Two-Wheeler,Lane 2
150.78,3688,Car,Lane 1
153.14,3576,Car,Lane 2
158.18,3724,Truck/Bus,Lane 1
160.28,3903,Two-Wheeler,Lane 2
160.52,3913,Two-Wheeler,Lane 2
160.72,3853,Car,Lane 1
163.62,3942,Car,Lane 1
164.46,3927,Car,Lane 1
167.3,3971,Car,Lane 2
168.34,3961,Car,Lane 2
170.96,4108,Car,Lane 1
171.72,4017,Car,Lane 2
173.76,4154,Car,Lane 1
181,4556,Truck/Bus,Lane 1
181.02,4283,Car,Lane 2
183,4498,Car,Lane 1
184.42,4513,Car,Lane 1
186.72,4605,Car,Lane 1
188.42,4402,Truck/Bus,Lane 1
190.22,4676,Two-Wheeler,Lane 1
193.06,4721,Two-Wheeler,Lane 1
202.3,4952,Two-Wheeler,Lane 1
203.58,4804,Car,Lane 1
206.76,4876,Car,Lane 2
211.6,5029,Car,Lane 1
220.94,5107,Car,Lane 1
223.28,5138,Two-Wheeler,Lane 2
225.72,5167,Two-Wheeler,Lane 2
227.86,5237,Car,Lane 2
228.48,5270,Two-Wheeler,Lane 2
231.08,5149,Car,Lane 1
234.24,5530,Car,Lane 2
234.88,5341,LCV,Lane 1
235.82,5573,LCV,Lane 1
237.78,5588,Car,Lane 1
238.88,5660,Two-Wheeler,Lane 2
239.18,5677,Two-Wheeler,Lane 2
239.38,5695,Two-Wheeler,Lane 2
241.78,5678,Car,Lane 1
247.86,5738,Car,Lane 2
248.04,5784,LCV,Lane 1
248.44,5792,LCV,Lane 1
252.12,5713,LCV,Lane 2
253.7,5832,Two-Wheeler,Lane 2
261.86,5902,Two-Wheeler,Lane 2
262.84,5901,Car,Lane 2
264.18,5936,LCV,Lane 1
265.88,5898,Car,Lane 1
266.52,5988,Two-Wheeler,Lane 2
274,6076,Car,Lane 1
277.12,6120,LCV,Lane 1
278.08,6062,Car,Lane 1
278.9,6070,Car,Lane 2
283.66,6186,Two-Wheeler,Lane 2
283.86,6193,Two-Wheeler,Lane 2
287.48,6256,Two-Wheeler,Lane 1
287.96,6269,Car,Lane 2
289.72,6229,Car,Lane 1
291.32,6299,LCV,Lane 1
293.92,6252,Car,Lane 1
297.5,6317,Car,Lane 2
298.64,6407,Two-Wheeler,Lane 2
299.52,6378,Car,Lane 1
299.56,6437,Car,Lane 1
299.66,6439,Truck/Bus,Lane 1
304.86,6457,Two-Wheeler,Lane 1
306.72,6542,Car,Lane 2
308.24,6468,Car,Lane 1
309.34,6499,Car,Lane 1
312.14,6552,Car,Lane 2
312.92,6710,Car,Lane 1
313.92,6726,Two-Wheeler,Lane 2
314.64,6746,Car,Lane 1
316.98,6585,Car,Lane 2
317.18,6873,Two-Wheeler,Lane 2
317.6,6891,Two-Wheeler,Lane 2
322.06,6931,Two-Wheeler,Lane 2
326.14,7025,Two-Wheeler,Lane 2
326.44,7039,Two-Wheeler,Lane 2
332.06,7076,Car,Lane 1
332.9,7114,Car,Lane 2
333.9,7124,Car,Lane 2
335.3,7264,Car,Lane 2
336.46,7252,Car,Lane 1
337.72,7181,Car,Lane 1
341.38,7432,Car,Lane 1
341.78,7304,Car,Lane 1
342.76,7440,Car,Lane 1
345.92,7531,Two-Wheeler,Lane 2
347.62,7464,Car,Lane 1
348.06,7608,LCV,Lane 2
350.56,7661,Two-Wheeler,Lane 2
351.08,7711,Two-Wheeler,Lane 2
351.26,7722,Two-Wheeler,Lane 2
353.88,7781,Car,Lane 2
355.58,7882,Car,Lane 2
355.96,7721,Car,Lane 1
357.72,7950,Car,Lane 1
359.72,7792,Car,Lane 1
361.22,7932,Truck/Bus,Lane 1
362.44,7931,Car,Lane 1
365.62,8102,Car,Lane 1
369.08,8075,Car,Lane 2
370.48,8180,Car,Lane 1
371.02,8299,Car,Lane 1
371.82,8259,Car,Lane 1
372.82,8228,Car,Lane 1
373.48,8230,Car,Lane 2
378.22,8386,Car,Lane 2
379.8,8411,LCV,Lane 1
382.94,8504,Two-Wheeler,Lane 2
383.02,8506,Two-Wheeler,Lane 2
383.24,8508,Two-Wheeler,Lane 2
387.3,8499,Car,Lane 1
394.54,8582,Car,Lane 1
396.16,8692,Two-Wheeler,Lane 2
397.28,8633,Car,Lane 2
398.32,8767,Two-Wheeler,Lane 2
402.5,8733,Car,Lane 1
403,8967,Car,Lane 2
403.92,8838,Car,Lane 1
405.56,8899,Car,Lane 1
407.12,8942,Car,Lane 2
407.56,9105,Two-Wheeler,Lane 2
410.5,9026,Car,Lane 1
412.74,9149,Car,Lane 1
414.82,9195,Car,Lane 1
417.04,9182,Car,Lane 1
417.5,9341,Car,Lane 1
418.48,9402,Car,Lane 2
419.38,9271,Car,Lane 1
420.86,9518,Two-Wheeler,Lane 2
421.36,9556,Two-Wheeler,Lane 2
421.4,9522,Two-Wheeler,Lane 2
423.02,9580,Car,Lane 1
424.72,9430,Car,Lane 2
425.04,9672,Two-Wheeler,Lane 2
427.08,9578,Car,Lane 2
428.54,9682,LCV,Lane 1
429.38,9741,Car,Lane 1
430.84,9732,Truck/Bus,Lane 1
433.18,9795,Car,Lane 2
434.68,9842,Car,Lane 2
436.22,9821,Car,Lane 1
437.14,9813,Car,Lane 1
441.78,9867,Car,Lane 2
450.3,9940,Car,Lane 1
450.72,10105,Car,Lane 1
453,10067,Car,Lane 1
453.12,10136,Two-Wheeler,Lane 2
464,10433,Car,Lane 1
464.32,10231,Car,Lane 1
465.5,10374,Truck/Bus,Lane 1
467.82,10496,Car,Lane 1
469.04,10599,Car,Lane 1
471,10507,Car,Lane 1
471,10696,LCV,Lane 1
471.56,10719,Two-Wheeler,Lane 1
472.76,10741,Two-Wheeler,Lane 2
472.92,10743,Two-Wheeler,Lane 2
479.1,10763,Car,Lane 2
482.2,10790,Car,Lane 1
484.8,10846,Car,Lane 2
485.84,10825,Car,Lane 1
501.52,11028,Two-Wheeler,Lane 2
513.62,11166,Car,Lane 1
516.72,11264,Truck/Bus,Lane 1
520.12,11304,Car,Lane 2
534.9,11495,Two-Wheeler,Lane 2
535.04,11510,Two-Wheeler,Lane 2
536.38,11512,Two-Wheeler,Lane 2
536.66,11525,Two-Wheeler,Lane 2
540.38,11500,Car,Lane 2
548.82,11564,Two-Wheeler,Lane 2
550.48,11585,Two-Wheeler,Lane 2
550.72,11636,Two-Wheeler,Lane 2
554.16,11635,Car,Lane 1
555.54,11642,Car,Lane 1
561.78,11750,Two-Wheeler,Lane 2
562.1,11697,Car,Lane 1
562.94,11700,LCV,Lane 2
576.6,11963,Car,Lane 2
579.94,11915,Truck/Bus,Lane 1
580.92,11925,Car,Lane 2
581.44,12064,LCV,Lane 1
582.62,12105,Two-Wheeler,Lane 2
592.1,12159,Car,Lane 1
593.02,12239,Car,Lane 1
593.8,12294,Two-Wheeler,Lane 2
594.02,12149,LCV,Lane 1
595.84,12292,Truck/Bus,Lane 1
601.1,12360,Car,Lane 2
607.04,12402,Truck/Bus,Lane 1
608.16,12466,Two-Wheeler,Lane 2
616.74,12493,Car,Lane 1
619.36,12532,Car,Lane 1
619.88,12591,Car,Lane 2
622.52,12605,Car,Lane 1
623.1,12604,Car,Lane 2
625.82,12777,Car,Lane 2
626.4,12712,Car,Lane 1
627.92,12763,Car,Lane 1
631.58,12744,Car,Lane 1
634.66,12935,Car,Lane 2
635.72,12947,Car,Lane 1
638.54,13083,Two-Wheeler,Lane 2
643.28,13098,Car,Lane 1
644.46,13181,Car,Lane 1
644.94,13092,Car,Lane 2
646.12,13279,Two-Wheeler,Lane 2
646.42,13137,Car,Lane 1
646.62,13299,Two-Wheeler,Lane 2
648.52,13124,Car,Lane 1
649.36,13323,Car,Lane 1
656.84,13334,LCV,Lane 1
664.48,13486,Car,Lane 2
669.44,13600,LCV,Lane 1
669.7,13762,Car,Lane 2
671.76,13628,Car,Lane 2
673.16,13669,Car,Lane 1
674.28,13926,Car,Lane 2
678.42,14035,Car,Lane 2
680.58,14095,Car,Lane 2
681.98,14056,Truck/Bus,Lane 1
687.74,13992,Car,Lane 1
687.74,14325,Truck/Bus,Lane 1
688.18,14278,Car,Lane 2
688.88,14340,Car,Lane 2
689.94,14380,Car,Lane 2
690.22,14397,Two-Wheeler,Lane 2
691.32,14454,Two-Wheeler,Lane 2
691.7,14415,Two-Wheeler,Lane 2
692.1,14467,Two-Wheeler,Lane 2
694.38,14432,LCV,Lane 1
695,14551,Car,Lane 2
697.76,14548,Car,Lane 2
699.34,14665,LCV,Lane 1
700.34,14619,Car,Lane 1
707.54,14795,Car,Lane 2
707.68,14750,Car,Lane 1
708.72,14885,Two-Wheeler,Lane 2
715.52,14954,Truck/Bus,Lane 1
721.32,15009,Car,Lane 2
722.78,15057,Two-Wheeler,Lane 2
723.18,15091,Two-Wheeler,Lane 2
737.04,15196,Truck/Bus,Lane 1
737.18,15320,Car,Lane 2
737.4,15230,Car,Lane 2
737.74,15327,Car,Lane 1
740.64,15293,LCV,Lane 1
742.74,15370,Car,Lane 1
743.34,15427,Car,Lane 2
744.84,15430,Car,Lane 2
747,15501,Car,Lane 1
747.42,15484,Car,Lane 2
748.94,15519,Car,Lane 1
749.56,15612,Car,Lane 1
752.86,15589,Car,Lane 1
752.9,15625,Car,Lane 2
758,15660,Car,Lane 1
759.12,15665,Car,Lane 1
760.3,15775,Car,Lane 1
760.9,15719,Car,Lane 1
762.18,15780,Car,Lane 1
762.98,15815,Two-Wheeler,Lane 2
764.86,15847,Two-Wheeler,Lane 2
765.88,15841,Car,Lane 2
770.82,15862,Truck/Bus,Lane 1
773.56,15891,Truck/Bus,Lane 1
779.28,16045,Car,Lane 1
780.48,16061,Car,Lane 1
780.74,16204,Car,Lane 2
781.18,16008,Car,Lane 1
782.72,16281,Car,Lane 2
782.9,16317,Car,Lane 2
783.82,16313,LCV,Lane 1
785,16377,Truck/Bus,Lane 1
787.8,16286,Car,Lane 1
788.78,16609,Car,Lane 2
789.48,16380,Car,Lane 1
791.12,16648,Two-Wheeler,Lane 2
791.62,16683,Two-Wheeler,Lane 2
792.12,16696,Two-Wheeler,Lane 2
792.86,16736,Two-Wheeler,Lane 2
793.14,16678,Car,Lane 1
796.84,16886,Two-Wheeler,Lane 2
797.72,16545,Car,Lane 1
802.18,16888,Car,Lane 2
805.06,16945,Car,Lane 1
807.42,16962,Car,Lane 2
809.24,17082,Two-Wheeler,Lane 1
810.24,17159,Two-Wheeler,Lane 1
810.58,17100,Car,Lane 1
812.9,17071,LCV,Lane 1
816.28,17204,Two-Wheeler,Lane 2
824.32,17217,Car,Lane 2
826.62,17244,Car,Lane 1
827.96,17446,Car,Lane 1
828.86,17265,Car,Lane 2
841.74,17827,Two-Wheeler,Lane 2
842.26,17848,Two-Wheeler,Lane 2
843.84,17553,Car,Lane 1
844.04,17788,Car,Lane 2
847.62,17921,Car,Lane 2
848.82,18018,Car,Lane 2
849.34,17924,Car,Lane 2
852.24,17962,Car,Lane 2
855.84,18148,Truck/Bus,Lane 1
858.02,18139,Car,Lane 1
858.82,18158,Car,Lane 2
863.62,18499,Two-Wheeler,Lane 2
864.58,18367,Car,Lane 1
866.68,18515,Truck/Bus,Lane 1
867.62,18464,Car,Lane 2
869.9,18706,LCV,Lane 1
869.92,18583,LCV,Lane 1
871.56,18680,Car,Lane 2
873.06,18751,Two-Wheeler,Lane 2
873.5,18756,Two-Wheeler,Lane 2
877.92,18797,Two-Wheeler,Lane 2
878.06,18802,Two-Wheeler,Lane 2
878.36,18780,Two-Wheeler,Lane 1
878.44,18792,Two-Wheeler,Lane 2
883.94,18778,Car,Lane 1
884.12,18862,Car,Lane 2
884.74,18848,Car,Lane 1
885.52,18980,Car,Lane 2
886.68,18916,Car,Lane 1
888.62,19035,Car,Lane 2
890.82,19033,Car,Lane 1
891.64,19174,Car,Lane 2
892.7,19218,Two-Wheeler,Lane 2
902.9,19528,Two-Wheeler,Lane 2
905.46,19600,Two-Wheeler,Lane 2
906.06,19619,Two-Wheeler,Lane 2
906.86,19655,Two-Wheeler,Lane 2
910.54,19606,Two-Wheeler,Lane 1
911.26,19738,Two-Wheeler,Lane 2
911.38,19723,Car,Lane 2
921.16,19768,Car,Lane 2
921.28,19958,Two-Wheeler,Lane 2
925.74,19955,Car,Lane 1
925.78,20005,Car,Lane 1
927.18,20074,Car,Lane 1
927.18,20171,LCV,Lane 1
928.58,20039,Car,Lane 1
928.92,19999,Car,Lane 1
929.58,20223,Car,Lane 1
931.62,20146,Car,Lane 1
932.12,20058,Car,Lane 2
932.62,20226,Car,Lane 1
932.96,20316,LCV,Lane 2
934.78,20361,Two-Wheeler,Lane 2
935.92,20130,Car,Lane 2
936.8,20398,Two-Wheeler,Lane 2
